job_id,job_title,company,job_description,required_skills,experience_years,location,salary_range
1,Data Scientist,TechCorp,"We are looking for a Data Scientist to build machine learning models and analyze large datasets. You will work with Python, TensorFlow, and cloud platforms to create predictive models. Build statistical models, perform feature engineering, and deploy production systems. You'll work with Big Data technologies and collaborate with engineers.","Python, Machine Learning, Deep Learning, TensorFlow, Data Analysis, Statistics, Pandas, NumPy, SQL, AWS, Scikit-learn, Data Visualization",3,New York,120000-160000
2,Machine Learning Engineer,AI Solutions,"Join our team to develop and deploy ML models in production. We need someone skilled in deep learning, NLP, and cloud deployment. Build end-to-end ML pipelines, optimize algorithms, and manage model lifecycle. Work with Docker, Kubernetes for containerization.","Python, Machine Learning, Deep Learning, TensorFlow, PyTorch, NLP, Kubernetes, Docker, AWS, CI/CD, MLOps, Scikit-learn",4,San Francisco,140000-180000
3,Data Analyst,Finance Plus,"Analyze business data and create dashboards for decision making. Proficiency in SQL, visualization tools, and statistical analysis required. Generate insights from databases, create interactive dashboards, and present findings to stakeholders.","SQL, Data Analysis, Tableau, Power BI, Python, Pandas, Data Visualization, Statistics, Excel, Matplotlib, Data Storytelling",2,Boston,80000-110000
4,Full Stack Developer,WebDev Inc,"Design and develop web applications using modern frameworks. We use React, Node.js, and cloud technologies. Develop both frontend and backend, manage databases, and deploy applications. Work with modern JavaScript ecosystems and REST APIs.","JavaScript, React, Node.js, HTML, CSS, MongoDB, REST API, Git, Docker, Express, Responsive Design, Frontend Development",3,Austin,100000-130000
5,Backend Engineer,CloudTech,"Build scalable backend systems using Python and cloud platforms. Experience with databases, APIs, and microservices required. Design system architecture, optimize performance, and ensure security. Work with distributed systems and database optimization.","Python, Django, FastAPI, SQL, PostgreSQL, REST API, Docker, Kubernetes, AWS, Linux, Microservices, System Design",4,Seattle,110000-150000
6,AI Research Scientist,Deep Learning Lab,"Conduct research in NLP and computer vision. Publish papers and develop state-of-the-art models. Implement novel algorithms, experiment with new architectures, and contribute to academic publications. Stay updated with latest research trends.","Python, Deep Learning, TensorFlow, PyTorch, NLP, Computer Vision, Transformers, BERT, Machine Learning, Research, Optimization",5,Boston,130000-170000
7,DevOps Engineer,Cloud Solutions,"Manage infrastructure, CI/CD pipelines, and container orchestration. We use Kubernetes and cloud platforms. Automate deployments, manage cloud resources, ensure system reliability, and implement monitoring solutions.","Docker, Kubernetes, CI/CD, Jenkins, Linux, Git, Terraform, AWS, Azure, Ansible, Infrastructure as Code, Monitoring",3,Portland,105000-140000
8,Data Engineer,Big Data Corp,"Build ETL pipelines and data warehouses. Work with Spark and Hadoop for big data processing. Design data architectures, optimize data flows, and ensure data quality in production systems.","Python, Spark, Hadoop, SQL, ETL, Data Warehouse, Kafka, Hive, Scala, Cloud Platforms, Data Modeling",4,Mountain View,120000-160000
9,Frontend Developer,Creative Design,"Create beautiful and responsive user interfaces. We use React, Vue.js, and modern CSS frameworks. Design user experiences, implement interactive features, and ensure cross-browser compatibility.","JavaScript, React, HTML, CSS, Vue.js, REST API, Git, Responsive Design, UI/UX, TypeScript, Webpack",2,Los Angeles,90000-120000
10,NLP Engineer,Language AI,"Develop NLP models for text processing and understanding. Use transformers and deep learning frameworks. Build chatbots, text classifiers, and language models. Deploy NLP solutions in production.","Python, NLP, Deep Learning, TensorFlow, PyTorch, BERT, Transformers, Machine Learning, Spacy, NLTK, Text Processing",3,Cambridge,115000-155000
11,Computer Vision Engineer,Vision Tech,"Build models for image and video analysis. Experience with CNNs and computer vision frameworks. Develop object detection, image segmentation, and video processing applications.","Python, Computer Vision, Deep Learning, TensorFlow, PyTorch, CNN, OpenCV, Machine Learning, Image Processing",3,Palo Alto,120000-160000
12,Software Engineer,Tech Giants,"General software development in multiple domains. Strong fundamentals and problem-solving skills required. Build robust systems, write clean code, follow best practices, and work in agile teams.","Python, Java, C++, JavaScript, SQL, Git, Problem Solving, OOP, Data Structures, Testing, Design Patterns",2,Mountain View,100000-140000
13,Database Administrator,Data Systems,"Manage databases, optimize queries, and ensure data security. Experience with SQL and NoSQL databases. Handle backups, replication, ensure high availability, and optimize performance.","SQL, PostgreSQL, MySQL, MongoDB, Database Design, Performance Tuning, Linux, Backup, Security, Indexing, Replication",4,Chicago,95000-130000
14,Cloud Architect,Enterprise Cloud,"Design and build cloud infrastructure for enterprises. Expert knowledge of AWS, Azure, and Kubernetes. Create scalable solutions, ensure security and compliance, and optimize cloud costs.","AWS, Azure, Kubernetes, Docker, Cloud Design, Linux, Terraform, CI/CD, Security, Cloud Security, Infrastructure Design",6,Washington DC,140000-180000
15,Junior Python Developer,StartupXYZ,"Build web and data applications using Python. Good learning attitude and teamwork required. Develop backend APIs, work with databases, and contribute to product development.","Python, Django, Flask, SQL, Git, REST API, Problem Solving, HTML, CSS, Testing, Object Oriented Programming",1,Remote,70000-95000
16,Data Science Manager,Analytics Corp,"Lead a team of data scientists. Drive data strategy and oversee ML projects. Mentor team members, manage project timelines, and communicate insights to leadership.","Python, Machine Learning, Leadership, Data Strategy, Pandas, SQL, Tableau, Mentoring, Project Management, Statistics",5,Chicago,140000-180000
17,Senior ML Engineer,AI Startup,"Lead ML engineering efforts. Design ML systems, mentor junior engineers, and drive technical excellence. Work on scaling challenges and production optimization.","Python, Machine Learning, Deep Learning, PyTorch, TensorFlow, System Design, AWS, Kubernetes, Leadership, MLOps",6,San Francisco,160000-200000
18,Python Developer,Web Services,"Develop web services and APIs using Python frameworks. Work with databases and cloud platforms. Build scalable microservices and ensure code quality.","Python, Django, FastAPI, SQL, PostgreSQL, Git, REST API, Docker, Testing, Clean Code, Linux",2,Seattle,90000-125000
19,Business Intelligence Developer,Insights Ltd,"Create BI dashboards and reports. Design data models for analysis. Work with business stakeholders to understand requirements.","SQL, Tableau, Power BI, Data Warehouse, Python, Analytics, ETL, Data Modeling, Excel, Reporting",3,New York,95000-130000
20,Cybersecurity Engineer,SecureNet,"Build security solutions and protect systems. Test vulnerabilities and implement security measures. Work with cloud security and network protocols.","Python, Linux, AWS, Docker, Security, Networking, CI/CD, System Administration, Problem Solving, Cryptography",4,Boston,125000-165000
